lang,url,stars,description
C,https://github.com/espeak-ng/espeak-ng,"4,088",eSpeak NG is an open source speech synthesizer that supports more than hundred languages and accents.
C,https://github.com/TheAlgorithms/C,"19,241","Collection of various algorithms in mathematics, machine learning, computer science, physics, etc implemented in C for educational purposes."
C,https://github.com/redis/redis,"66,908","Redis is an in-memory database that persists on disk. The data model is key-value, but many different kind of values are supported: Strings, Lists, Sets, Sorted Sets, Hashes, Streams, HyperLogLogs, Bitmaps."
C,https://github.com/pgvector/pgvector,"12,431",Open-source vector similarity search for Postgres
C,https://github.com/karpathy/llama2.c,"17,420",Inference Llama 2 in one file of pure C
C,https://github.com/BasedHardware/omi,"3,625",AI wearables
C,https://github.com/bmax121/KernelPatch,710,Patching and hooking the Linux kernel with only a stripped Linux kernel image.
C,https://github.com/SoftEtherVPN/SoftEtherVPN,"11,508",Cross-platform multi-protocol VPN software. Pull requests are welcome. The stable version is available athttps://github.com/SoftEtherVPN/SoftEtherVPN_Stable.
C,https://github.com/libvips/libvips,"9,494",A fast image processing library with low memory needs.
C,https://github.com/zephyrproject-rtos/zephyr,"10,805","Primary Git Repository for the Zephyr Project. Zephyr is a new generation, scalable, optimized, secure RTOS for multiple hardware architectures."
C,https://github.com/RediSearch/RediSearch,"5,467","A query and indexing engine for Redis, providing secondary indexing, full-text search, vector similarity search and aggregations."
C,https://github.com/ValdikSS/GoodbyeDPI,"25,261",GoodbyeDPI â€” Deep Packet Inspection circumvention utility (for Windows)
C,https://github.com/ntop/nDPI,"3,823",Open Source Deep Packet Inspection Software Toolkit
C,https://github.com/asg017/sqlite-vec,"3,746",A vector search SQLite extension that runs anywhere!
C,https://github.com/libsdl-org/SDL_image,536,Image decoding for many popular formats for Simple Directmedia Layer.
C,https://github.com/sonic-net/sonic-buildimage,735,Scripts which perform an installable binary image build for SONiC
C,https://github.com/unikraft/unikraft,"2,693","A next-generation cloud native kernel designed to unlock best-in-class performance, security primitives and efficiency savings."
C,https://github.com/netero1010/EDRSilencer,"1,436",A tool uses Windows Filtering Platform (WFP) to block Endpoint Detection and Response (EDR) agents from reporting security events to the server.
C#,https://github.com/LykosAI/StabilityMatrix,"4,640",Multi-Platform Package Manager for Stable Diffusion
C#,https://github.com/icsharpcode/ILSpy,"21,394",".NET Decompiler with support for PDB generation, ReadyToRun, Metadata (&more) - cross-platform!"
C#,https://github.com/QuestPDF/QuestPDF,"11,915","QuestPDF is a modern open-source .NET library for PDF document generation. Offering comprehensive layout engine powered by concise and discoverable C# Fluent API. Easily generate PDF reports, invoices, exports, etc."
C#,https://github.com/dotnet-architecture/eShopOnWeb,"10,170","Sample ASP.NET Core 8.0 reference application, powered by Microsoft, demonstrating a layered application architecture with monolithic deployment model. Download the eBook PDF from docs folder."
C#,https://github.com/microsoft/semantic-kernel,"21,831",Integrate cutting-edge LLM technology quickly and easily into your apps
C#,https://github.com/microsoft/autogen,"32,049",A programming framework for agentic AI ğŸ¤–
C#,https://github.com/microsoft/teams-ai,409,SDK focused on building AI based applications and extensions for Microsoft Teams and other Bot Framework channels
C#,https://github.com/LAB02-Research/HASS.Agent,"1,554","Windows-based client for Home Assistant. Provides notifications, quick actions, commands, sensors and more."
C#,https://github.com/microsoft/kernel-memory,"1,581","RAG architecture: index and query any data using LLM and natural language, track sources, show citations, asynchronous memory patterns."
C#,https://github.com/akkadotnet/akka.net,"4,714",Canonical actor model implementation for .NET with local + distributed actors in C# and F#.
C#,https://github.com/d2phap/ImageGlass,"7,723","ğŸ A lightweight, versatile image viewer"
C#,https://github.com/Unity-Technologies/ml-agents,"17,151",The Unity Machine Learning Agents Toolkit (ML-Agents) is an open-source project that enables games and simulations to serve as environments for training intelligent agents using deep reinforcement learning and imitation learning.
C#,https://github.com/Azure-Samples/cognitive-services-speech-sdk,"2,876",Sample code for the Microsoft Cognitive Services Speech SDK
C#,https://github.com/microsoft/PowerApps-Samples,"1,482","Sample code for Power Apps, including Dataverse, model-driven apps, canvas apps, Power Apps component framework, portals, and AI Builder."
C#,https://github.com/mcmonkeyprojects/SwarmUI,"1,185","SwarmUI (formerly StableSwarmUI), A Modular Stable Diffusion Web-User-Interface, with an emphasis on making powertools easily accessible, high performance, and extensibility."
C#,https://github.com/babalae/better-genshin-impact,"5,241",ğŸ“¦BetterGI Â· æ›´å¥½çš„åŸç¥ - è‡ªåŠ¨æ‹¾å– | è‡ªåŠ¨å‰§æƒ… | å…¨è‡ªåŠ¨é’“é±¼(AI) | å…¨è‡ªåŠ¨ä¸ƒåœ£å¬å”¤ | è‡ªåŠ¨ä¼æœ¨ | è‡ªåŠ¨åˆ·æœ¬ | è‡ªåŠ¨é‡‡é›† - UI Automation Testing Tools For Genshin Impact
C#,https://github.com/codeproject/CodeProject.AI-Server,695,"CodeProject.AI Server is a self contained service that software developers can include in, and distribute with, their applications in order to augment their apps with the power of AI."
C#,https://github.com/Tyrrrz/DiscordChatExporter,"7,480",Exports Discord chat logs to a file
C#,https://github.com/openai/openai-dotnet,"1,425",The official .NET library for the OpenAI API
C++,https://github.com/mudler/LocalAI,"24,346","ğŸ¤– The free, Open Source alternative to OpenAI, Claude and others. Self-hosted and local-first. Drop-in replacement for OpenAI, running on consumer-grade hardware. No GPU required. Runs gguf, transformers, diffusers and many more models architectures. Features: Generate Text, Audio, Video, Images, Voice Cloning, Distributed inference"
C++,https://github.com/turing-machines/mentals-ai,320,"ğŸ“ğŸ“ğŸ“ Agents in Markdown syntax (loops, memory and tools included)."
C++,https://github.com/tensorflow/tflite-micro,"1,898",Infrastructure to enable deployment of ML models to low-power resource-constrained embedded targets (including microcontrollers and digital signal processors).
C++,https://github.com/NVIDIA/TensorRT-LLM,"8,545",TensorRT-LLM provides users with an easy-to-use Python API to define Large Language Models (LLMs) and build TensorRT engines that contain state-of-the-art optimizations to perform inference efficiently on NVIDIA GPUs. TensorRT-LLM also contains components to create Python and C++ runtimes that execute those TensorRT engines.
C++,https://github.com/mumble-voip/mumble,"6,381","Mumble is an open-source, low-latency, high quality voice chat software."
C++,https://github.com/openvinotoolkit/openvino,"7,170",OpenVINOâ„¢ is an open-source toolkit for optimizing and deploying AI inference
C++,https://github.com/openxla/xla,"2,642","A machine learning compiler for GPUs, CPUs, and ML accelerators"
C++,https://github.com/ggerganov/whisper.cpp,"35,396",Port of OpenAI's Whisper model in C/C++
C++,https://github.com/ggerganov/ggml,"11,130",Tensor library for machine learning
C++,https://github.com/microsoft/onnxruntime,"14,428","ONNX Runtime: cross-platform, high performance ML inferencing and training accelerator"
C++,https://github.com/lich0821/WeChatFerry,"4,020",å¾®ä¿¡æœºå™¨äººåº•å±‚æ¡†æ¶ï¼Œå¯æ¥å…¥Geminiã€ChatGPTã€ChatGLMã€è®¯é£æ˜Ÿç«ã€Tigerbotç­‰å¤§æ¨¡å‹ã€‚WeChat Robot Hook.
C++,https://github.com/google/sentencepiece,"10,184",Unsupervised text tokenizer for Neural Network-based text generation.
C++,https://github.com/BlackINT3/OpenArk,"9,162",The Next Generation of Anti-Rookit(ARK) tool for Windows.
C++,https://github.com/ollama/ollama,"92,656","Get up and running with Llama 3.2, Mistral, Gemma 2, and other large language models."
C++,https://github.com/tensorflow/tensorflow,"186,294",An Open Source Machine Learning Framework for Everyone
C++,https://github.com/iree-org/iree,"2,811",A retargetable MLIR-based machine learning compiler and runtime toolkit.
C++,https://github.com/arangodb/arangodb,"13,485","ğŸ¥‘ ArangoDB is a native multi-model database with flexible data models for documents, graphs, and key-values. Build high performance applications using a convenient SQL-like query language or JavaScript extensions."
C++,https://github.com/libjxl/libjxl,"2,683",JPEG XL image format reference implementation
C++,https://github.com/rhasspy/piper,"6,360","A fast, local neural text to speech system"
C++,https://github.com/facebookresearch/habitat-sim,"2,596","A flexible, high-performance 3D simulator for Embodied AI research."
C++,https://github.com/tenstorrent/tt-metal,456,"ğŸ¤˜ TT-NN operator library, and TT-Metalium low level kernel programming model."
C++,https://github.com/microsoft/LightGBM,"16,634","A fast, distributed, high performance gradient boosting (GBT, GBDT, GBRT, GBM or MART) framework based on decision tree algorithms, used for ranking, classification and many other machine learning tasks."
C++,https://github.com/RobotLocomotion/drake,"3,314",Model-based design and verification for robotics.
C++,https://github.com/k4yt3x/video2x,"10,477","A machine learning-based lossless video super resolution framework. Est. Hack the Valley II, 2018."
C++,https://github.com/OSGeo/gdal,"4,856",GDAL is an open source MIT licensed translator library for raster and vector geospatial data formats.
C++,https://github.com/microsoft/AirSim,"16,307","Open source simulator for autonomous vehicles built on Unreal Engine / Unity, from Microsoft AI & Research"
C++,https://github.com/kokkos/kokkos,"1,982",Kokkos C++ Performance Portability Programming Ecosystem: The Programming Model - Parallel Execution and Memory Abstraction
C++,https://github.com/apache/brpc,"16,436","brpc is an Industrial-grade RPC framework using C++ Language, which is often used in high performance system such as Search, Storage, Machine learning, Advertisement, Recommendation etc. ""brpc"" means ""better RPC""."
C++,https://github.com/dusty-nv/jetson-inference,"7,790",Hello AI World guide to deploying deep-learning inference networks and deep vision primitives with TensorRT and NVIDIA Jetson.
C++,https://github.com/TheAlgorithms/C-Plus-Plus,"30,670","Collection of various algorithms in mathematics, machine learning, computer science and physics implemented in C++ for educational purposes."
C++,https://github.com/AaronFeng753/Waifu2x-Extension-GUI,"12,831","Video, Image and GIF upscale/enlarge(Super-Resolution) and Video frame interpolation. Achieved with Waifu2x, Real-ESRGAN, Real-CUGAN, RTX Video Super Resolution VSR, SRMD, RealSR, Anime4K, RIFE, IFRNet, CAIN, DAIN, and ACNet."
C++,https://github.com/bulletphysics/bullet3,"12,611","Bullet Physics SDK: real-time collision detection and multi-physics simulation for VR, games, visual effects, robotics, machine learning etc."
C++,https://github.com/microsoft/winget-cli,"23,202","WinGet is the Windows Package Manager. This project includes a CLI (Command Line Interface), PowerShell modules, and a COM (Component Object Model) API (Application Programming Interface)."
C++,https://github.com/Slicer/Slicer,"1,685","Multi-platform, free open source software for visualization and image computing."
C++,https://github.com/google-ai-edge/mediapipe,"27,425","Cross-platform, customizable ML solutions for live and streaming media."
C++,https://github.com/RWKV/rwkv.cpp,"1,376",INT4/INT5/INT8 and FP16 inference on CPU for RWKV language model
C++,https://github.com/k2-fsa/sherpa-onnx,"3,482","Speech-to-text, text-to-speech, speaker diarization, and VAD using next-gen Kaldi with onnxruntime without Internet connection. Support embedded systems, Android, iOS, Raspberry Pi, RISC-V, x86_64 servers, websocket server/client, C/C++, Python, Kotlin, C#, Go, NodeJS, Java, Swift, Dart, JavaScript, Flutter, Object Pascal, Lazarus, Rust"
C++,https://github.com/microsoft/onnxruntime-genai,493,Generative AI extensions for onnxruntime
C++,https://github.com/alibaba/MNN,"8,694","MNN is a blazing fast, lightweight deep learning framework, battle-tested by business-critical use cases in Alibaba"
C++,https://github.com/ggerganov/llama.cpp,"67,233",LLM inference in C/C++
C++,https://github.com/PaddlePaddle/Paddle,"22,229",PArallel Distributed Deep LEarning: Machine Learning Framework from Industrial Practice ï¼ˆã€é£æ¡¨ã€æ ¸å¿ƒæ¡†æ¶ï¼Œæ·±åº¦å­¦ä¹ &æœºå™¨å­¦ä¹ é«˜æ€§èƒ½å•æœºã€åˆ†å¸ƒå¼è®­ç»ƒå’Œè·¨å¹³å°éƒ¨ç½²ï¼‰
C++,https://github.com/leejet/stable-diffusion.cpp,"3,427",Stable Diffusion and Flux in pure C/C++
C++,https://github.com/MariaDB/server,"5,585","MariaDB server is a community developed fork of MySQL server. Started by core members of the original MySQL team, MariaDB actively works with outside developers to deliver the most featureful, stable, and sanely licensed open SQL server in the industry."
C++,https://github.com/pytorch/executorch,"2,099","On-device AI across mobile, embedded and edge for PyTorch"
JS,https://github.com/Dooy/chatgpt-web-midjourney-proxy,"5,203","One UI is all done with chatgpt web, midjourney, gpts,suno,luma,runway,viggle,flux,ideogram,realtime,pika; Simultaneous support Web / PWA / Linux / Win / MacOS platform"
JS,https://github.com/poloclub/transformer-explainer,"3,038",Transformer Explained Visually: Learn How LLM Transformer Models Work with Interactive Visualization
JS,https://github.com/huggingface/transformers.js,"11,821","State-of-the-art Machine Learning for the web. Run ğŸ¤— Transformers directly in your browser, with no need for a server!"
JS,https://github.com/easydiffusion/easydiffusion,"9,571","Easiest 1-click way to create beautiful artwork on your PC using AI, with no tech knowledge. Provides a browser UI for generating images from text prompts and images. Just enter your text prompt, and see the generated image."
JS,https://github.com/qishibo/AnotherRedisDesktopManager,"30,545","ğŸš€ğŸš€ğŸš€A faster, better and more stable Redis desktop manager [GUI client], compatible with Linux, Windows, Mac."
JS,https://github.com/ToolJet/ToolJet,"32,259","Low-code platform for building business applications. Connect to databases, cloud storages, GraphQL, API endpoints, Airtable, Google sheets, OpenAI, etc and build apps using drag and drop application builder. Built using JavaScript/TypeScript. ğŸš€"
JS,https://github.com/xenova/transformers.js,"11,350","State-of-the-art Machine Learning for the web. Run ğŸ¤— Transformers directly in your browser, with no need for a server!"
JS,https://github.com/Mintplex-Labs/anything-llm,"25,667","The all-in-one Desktop & Docker AI application with built-in RAG, AI agents, and more."
JS,https://github.com/parallax/jsPDF,"29,053",Client-side JavaScript PDF generation for everyone.
JS,https://github.com/ai-shifu/ChatALL,"15,198","Concurrently chat with ChatGPT, Bing Chat, Bard, Alpaca, Vicuna, Claude, ChatGLM, MOSS, è®¯é£æ˜Ÿç«, æ–‡å¿ƒä¸€è¨€ and more, discover the best answers"
JS,https://github.com/mermaid-js/mermaid,"70,990",Generation of diagrams like flowcharts or sequence diagrams from text in a similar manner as markdown
JS,https://github.com/songquanpeng/one-api,"18,864","OpenAI æ¥å£ç®¡ç† & åˆ†å‘ç³»ç»Ÿï¼Œæ”¯æŒ Azureã€Anthropic Claudeã€Google PaLM 2 & Geminiã€æ™ºè°± ChatGLMã€ç™¾åº¦æ–‡å¿ƒä¸€è¨€ã€è®¯é£æ˜Ÿç«è®¤çŸ¥ã€é˜¿é‡Œé€šä¹‰åƒé—®ã€360 æ™ºè„‘ä»¥åŠè…¾è®¯æ··å…ƒï¼Œå¯ç”¨äºäºŒæ¬¡åˆ†å‘ç®¡ç† keyï¼Œä»…å•å¯æ‰§è¡Œæ–‡ä»¶ï¼Œå·²æ‰“åŒ…å¥½ Docker é•œåƒï¼Œä¸€é”®éƒ¨ç½²ï¼Œå¼€ç®±å³ç”¨. OpenAI key management & redistribution system, using a single API for all LLMs, and features an English UI."
JS,https://github.com/dotnet/eShopSupport,320,A reference .NET application using AI for a customer support ticketing system
JS,https://github.com/SillyTavern/SillyTavern,"8,109",LLM Frontend for Power Users.
JS,https://github.com/1234567Yang/cf-proxy-ex,887,"Cloudflareè¶…çº§ä»£ç†ï¼Œæ— æœåŠ¡å™¨ä»£ç†ï¼ŒDuckduckgoä»£ç†ï¼ˆå¯ç”¨AIèŠå¤©ï¼ŒåŒ…å«GPT4o/Calude3ï¼‰ï¼ŒOpenAI/ChatGPTä»£ç†ï¼ŒGithubåŠ é€Ÿï¼Œåœ¨çº¿ä»£ç†ã€‚Cloudflare super proxy, setting up a free serverless proxy by using Cloudflare worker."
JS,https://github.com/jayofelony/pwnagotchi,798,(âŒâ– _â– ) - Deep Reinforcement Learning instrumenting bettercap for WiFi pwning.
JS,https://github.com/rollup/rollup,"25,243",Next-generation ES module bundler
JS,https://github.com/AMAI-GmbH/AI-Expert-Roadmap,"29,033",Roadmap to becoming an Artificial Intelligence Expert in 2022
JS,https://github.com/lencx/Noi,"6,451","ğŸš€ Power Your World with AI - Explore, Extend, Empower."
JS,https://github.com/xszyou/Fay,"9,090","Fay is an open-source digital human framework integrating language models and digital characters. It offers retail, assistant, and agent versions for diverse applications like virtual shopping guides, broadcasters, assistants, waiters, teachers, and voice or text-based mobile assistants."
JS,https://github.com/PrismarineJS/mineflayer,"4,976","Create Minecraft bots with a powerful, stable, and high level JavaScript API."
Java,https://github.com/comet-ml/opik,"1,804",Open-source end-to-end LLM Development Platform
Java,https://github.com/mukel/llama3.java,490,Practical Llama 3 inference in Java
Java,https://github.com/spring-projects/spring-ai,"3,208",An Application Framework for AI Engineering
Java,https://github.com/raphw/byte-buddy,"6,262",Runtime code generation for the Java virtual machine.
Java,https://github.com/janishar/mit-deep-learning-book-pdf,"12,822","MIT Deep Learning Book in PDF format (complete and parts) by Ian Goodfellow, Yoshua Bengio and Aaron Courville"
Java,https://github.com/apache/seatunnel,"7,982","SeaTunnel is a next-generation super high-performance, distributed, massive data integration tool."
Java,https://github.com/vespa-engine/vespa,"5,768","AI + Data, online.https://vespa.ai"
Java,https://github.com/YunaiV/ruoyi-vue-pro,"27,578",ğŸ”¥ å®˜æ–¹æ¨è ğŸ”¥ RuoYi-Vue å…¨æ–° Pro ç‰ˆæœ¬ï¼Œä¼˜åŒ–é‡æ„æ‰€æœ‰åŠŸèƒ½ã€‚åŸºäº Spring Boot + MyBatis Plus + Vue & Element å®ç°çš„åå°ç®¡ç†ç³»ç»Ÿ + å¾®ä¿¡å°ç¨‹åºï¼Œæ”¯æŒ RBAC åŠ¨æ€æƒé™ã€æ•°æ®æƒé™ã€SaaS å¤šç§Ÿæˆ·ã€Flowable å·¥ä½œæµã€ä¸‰æ–¹ç™»å½•ã€æ”¯ä»˜ã€çŸ­ä¿¡ã€å•†åŸã€CRMã€ERPã€AI å¤§æ¨¡å‹ç­‰åŠŸèƒ½ã€‚ä½ çš„ â­ï¸ Star â­ï¸ï¼Œæ˜¯ä½œè€…ç”Ÿå‘çš„åŠ¨åŠ›ï¼
Java,https://github.com/PaperMC/Velocity,"1,738","The modern, next-generation Minecraft server proxy."
Java,https://github.com/CodePhiliaX/Chat2DB,"15,775","ğŸ”¥ğŸ”¥ğŸ”¥AI-driven database tool and SQL client, The hottest GUI client, supporting MySQL, Oracle, PostgreSQL, DB2, SQL Server, DB2, SQLite, H2, ClickHouse, and more."
Java,https://github.com/bumptech/glide,"34,590",An image loading and caching library for Android focused on smooth scrolling
Java,https://github.com/unitycatalog/unitycatalog,"2,275","Open, Multi-modal Catalog for Data & AI"
Java,https://github.com/OpenAPITools/openapi-generator,"21,734","OpenAPI Generator allows generation of API client libraries (SDK generation), server stubs, documentation and configuration automatically given an OpenAPI Spec (v2, v3)"
Java,https://github.com/tencentmusic/supersonic,"2,252",SuperSonic is the next-generation BI+AI platform that unifies Chat BI (powered by LLM) and Headless BI (powered by semantic layer) paradigms.
Java,https://github.com/apache/beam,"7,851",Apache Beam is a unified programming model for Batch and Streaming data processing.
Rust,https://github.com/huggingface/candle,"15,756",Minimalist ML framework for Rust
Rust,https://github.com/chroma-core/chroma,"15,202",the AI-native open-source embedding database
Rust,https://github.com/EricLBuehler/mistral.rs,"4,395",Blazingly fast LLM inference.
Rust,https://github.com/lencx/ChatGPT,"52,690","ğŸ”® ChatGPT Desktop Application (Mac, Windows and Linux)"
Rust,https://github.com/lancedb/lance,"3,897","Modern columnar data format for ML and LLMs implemented in Rust. Convert from parquet in 2 lines of code for 100x faster random access, vector index, and data versioning. Compatible with Pandas, DuckDB, Polars, Pyarrow, with more integrations coming.."
Rust,https://github.com/mediar-ai/screenpipe,"8,652",open source 24/7 screen & voice recording for the age of superintelligence
Rust,https://github.com/MystenLabs/sui,"6,173","Sui, a next-generation smart contract platform with high throughput, low latency, and an asset-oriented programming model powered by the Move programming language"
Rust,https://github.com/timescale/pgvectorscale,"1,250","A complement to pgvector for high performance, cost efficient vector search on large workloads."
Rust,https://github.com/mufeedvh/code2prompt,"1,972","A CLI tool to convert your codebase into a single LLM prompt with source tree, prompt templating, and token counting."
Rust,https://github.com/lancedb/lancedb,"4,605","Developer-friendly, serverless vector database for AI applications. Easily add long-term memory to your LLM apps!"
Rust,https://github.com/TabbyML/tabby,"21,664",Self-hosted AI coding assistant
Rust,https://github.com/Priler/jarvis,"2,204",Voice assistant made as an experiment using neural networks for things like STT/TTS/Wake Word/NLU etc.
Rust,https://github.com/tracel-ai/burn,"8,826","Burn is a new comprehensive dynamic Deep Learning Framework built using Rust with extreme flexibility, compute efficiency and portability as its primary goals."
Rust,https://github.com/sigoden/aichat,"3,948","All-in-one AI CLI tool featuring Chat-REPL, Shell Assistant, RAG, AI tools & agents, with access to OpenAI, Claude, Gemini, Ollama, Groq, and more."
Rust,https://github.com/GraphiteEditor/Graphite,"9,088","2D vector & raster editor that melds traditional layers & tools with a modern node-based, non-destructive, procedural workflow."
Rust,https://github.com/qdrant/qdrant,"20,392","Qdrant - High-performance, massive-scale Vector Database and Vector Search Engine for the next generation of AI. Also available in the cloudhttps://cloud.qdrant.io/"
Rust,https://github.com/samuel-vitorino/lm.rs,861,Minimal LLM inference in Rust
all,https://github.com/ai16z/eliza,158,Conversational Agent for Twitter and Discord
all,https://github.com/udecode/plate,"11,246",A rich-text editor powered by AI
all,https://github.com/open-mmlab/Amphion,"6,959","Amphion (/Ã¦mËˆfaÉªÉ™n/) is a toolkit for Audio, Music, and Speech Generation. Its purpose is to support reproducible research and help junior researchers and engineers get started in the field of audio, music, and speech generation research and development."
all,https://github.com/cline/cline,"10,387","Autonomous coding agent right in your IDE, capable of creating/editing files, executing commands, using the browser, and more with your permission every step of the way."
all,https://github.com/idootop/mi-gpt,"7,577",ğŸ  å°†å°çˆ±éŸ³ç®±æ¥å…¥ ChatGPT å’Œè±†åŒ…ï¼Œæ”¹é€ æˆä½ çš„ä¸“å±è¯­éŸ³åŠ©æ‰‹ã€‚
all,https://github.com/yamadashy/repomix,"3,100","ğŸ“¦ Repomix (formerly Repopack) is a powerful tool that packs your entire repository into a single, AI-friendly file. Perfect for when you need to feed your codebase to Large Language Models (LLMs) or other AI tools like Claude, ChatGPT, and Gemini."
all,https://github.com/facebookresearch/co-tracker,"3,700",CoTracker is a model for tracking any point (pixel) on a video.
all,https://github.com/microsoft/genaiscript,"1,296",Automatable GenAI Scripting
all,https://github.com/RSSNext/Follow,"14,610",ğŸ§¡ Next generation information browser.
all,https://github.com/lobehub/lobe-chat,"44,042","ğŸ¤¯ Lobe Chat - an open-source, modern-design AI chat framework. Supports Multi AI Providers( OpenAI / Claude 3 / Gemini / Ollama / Azure / DeepSeek), Knowledge Base (file upload / knowledge management / RAG ), Multi-Modals (Vision/TTS) and plugin system. One-click FREE deployment of your private ChatGPT/ Claude application."
all,https://github.com/argmaxinc/WhisperKit,"3,766",On-device Speech Recognition for Apple Silicon
all,https://github.com/meta-llama/llama-recipes,"14,732","Scripts for fine-tuning Meta Llama with composable FSDP & PEFT methods to cover single/multi-node GPUs. Supports default & custom datasets for applications such as summarization and Q&A. Supporting a number of candid inference solutions such as HF TGI, VLLM for local or cloud deployment. Demo apps to showcase Meta Llama for WhatsApp & Messenger."
all,https://github.com/langgenius/dify,"49,200","Dify is an open-source LLM app development platform. Dify's intuitive interface combines AI workflow, RAG pipeline, agent capabilities, model management, observability features and more, letting you quickly go from prototype to production."
all,https://github.com/OpenBMB/ChatDev,"25,067",Create Customized Software using Natural Language Idea (through LLM-powered Multi-Agent Collaboration)
all,https://github.com/e2b-dev/fragments,"2,964",Open-source Next.js template for building apps that are fully generated by AI. By E2B.
all,https://github.com/f/awesome-chatgpt-prompts,"110,335",This repo includes ChatGPT prompt curation to use ChatGPT better.
all,https://github.com/invoke-ai/InvokeAI,"23,321","Invoke is a leading creative engine for Stable Diffusion models, empowering professionals, artists, and enthusiasts to generate and create visual media using the latest AI-driven technologies. The solution offers an industry leading WebUI, and serves as the foundation for multiple commercial products."
all,https://github.com/karpathy/llm.c,"23,874","LLM training in simple, raw C/CUDA"
all,https://github.com/FlowiseAI/Flowise,"29,575",Drag & drop UI to build your customized LLM flow
all,https://github.com/continuedev/continue,"17,880",â© Continue is the leading open-source AI code assistant. You can connect any models and any context to build custom autocomplete and chat experiences inside VS Code and JetBrains
all,https://github.com/n8n-io/self-hosted-ai-starter-kit,"2,043","The Self-hosted AI Starter Kit is an open-source template that quickly sets up a local AI environment. Curated by n8n, it provides essential tools for creating secure, self-hosted AI workflows."
all,https://github.com/mlc-ai/web-llm,"12,991",High-performance In-browser LLM Inference Engine
all,https://github.com/clinebot/cline,"7,159","Autonomous coding agent right in your IDE, capable of creating/editing files, executing commands, and more with your permission every step of the way."
all,https://github.com/getcursor/cursor,"23,124",The AI Code Editor
all,https://github.com/xenova/whisper-web,"2,319",ML-powered speech recognition directly in your browser
all,https://github.com/dair-ai/ML-YouTube-Courses,"15,589",ğŸ“º Discover the latest machine learning / AI courses on YouTube.
all,https://github.com/DataDog/datadog-agent,"2,821",Main repository for Datadog Agent
all,https://github.com/alibaba/higress,"3,081",ğŸ¤– AI Gateway | AI Native API Gateway
all,https://github.com/gitroomhq/postiz-app,"6,274","ğŸ“¨ Schedule social media posts, measure them, exchange with other members and get a lot of help from AI ğŸš€"
all,https://github.com/Yonom/assistant-ui,904,React Components for AI Chat ğŸ’¬ ğŸš€
all,https://github.com/openai/openai-cookbook,"59,234",Examples and guides for using the OpenAI API
all,https://github.com/keploy/keploy,"4,422",Shadow Test generation for Developers. Generate tests and stubs for your application that actually work!
all,https://github.com/danielmiessler/fabric,"22,087",fabric is an open-source framework for augmenting humans using AI. It provides a modular framework for solving specific problems using a crowdsourced set of AI prompts that can be used anywhere.
all,https://github.com/anthropics/anthropic-cookbook,"6,444",A collection of notebooks/recipes showcasing some fun and effective ways of using Claude.
all,https://github.com/danny-avila/LibreChat,"17,616","Enhanced ChatGPT Clone: Features Anthropic, AWS, OpenAI, Assistants API, Azure, Groq, o1, GPT-4o, Mistral, OpenRouter, Vertex AI, Gemini, Artifacts, AI model switching, message search, langchain, DALL-E-3, ChatGPT Plugins, OpenAI Functions, Secure Multi-User System, Presets, completely open-source for self-hosting. Actively in public development."
all,https://github.com/microsoft/generative-ai-for-beginners,"64,183","21 Lessons, Get Started Building with Generative AI ğŸ”—https://microsoft.github.io/generative-ai-for-beginners/"
all,https://github.com/pop-os/cosmic-epoch,"2,719",Next generation Cosmic desktop environment
all,https://github.com/mendableai/firecrawl,"15,002","ğŸ”¥ Turn entire websites into LLM-ready markdown or structured data. Scrape, crawl and extract with a single API."
dart,https://github.com/flyerhq/flutter_chat_ui,"1,578","Actively maintained, community-driven chat UI implementation with an optional Firebase BaaS."
dart,https://github.com/serverpod/serverpod,"2,546","Serverpod is a next-generation app and web server, explicitly built for the Flutter and Dart ecosystem."
dart,https://github.com/mylxsw/aidea,"6,488",AIdea æ˜¯ä¸€æ¬¾æ”¯æŒ GPT ä»¥åŠå›½äº§å¤§è¯­è¨€æ¨¡å‹é€šä¹‰åƒé—®ã€æ–‡å¿ƒä¸€è¨€ç­‰ï¼Œæ”¯æŒ Stable Diffusion æ–‡ç”Ÿå›¾ã€å›¾ç”Ÿå›¾ã€ SDXL1.0ã€è¶…åˆ†è¾¨ç‡ã€å›¾ç‰‡ä¸Šè‰²çš„å…¨èƒ½å‹ APPã€‚
dart,https://github.com/Mobile-Artificial-Intelligence/maid,"1,446","Maid is a cross-platform Flutter app for interfacing with GGUF / llama.cpp models locally, and with Ollama and OpenAI models remotely."
dart,https://github.com/flutter-ml/google_ml_kit_flutter,974,A flutter plugin that implements Google's standalone ML Kit
dart,https://github.com/GoogleCloudPlatform/Open_Data_QnA,80,The Open Data QnA python library enables you to chat with your databases by leveraging LLM Agents on Google Cloud. Open Data QnA enables a conversational approach to interacting with your data.
dart,https://github.com/AppFlowy-IO/AppFlowy,"57,551","Bring projects, wikis, and teams together with AI. AppFlowy is an AI collaborative workspace where you achieve more without losing control of your data. The best open source alternative to Notion."
python,https://github.com/AUTOMATIC1111/stable-diffusion-webui,"142,219",Stable Diffusion web UI
python,https://github.com/open-compass/opencompass,"3,770","OpenCompass is an LLM evaluation platform, supporting a wide range of models (Llama3, Mistral, InternLM2,GPT-4,LLaMa2, Qwen,GLM, Claude, etc) over 100+ datasets."
python,https://github.com/meta-llama/llama-stack,"4,239",Model components of the Llama Stack APIs
python,https://github.com/unclecode/crawl4ai,"15,452",ğŸ”¥ğŸ•·ï¸ Crawl4AI: Open-source LLM Friendly Web Crawler & Scrapper
python,https://github.com/All-Hands-AI/OpenHands,"33,587","ğŸ™Œ OpenHands: Code Less, Make More"
python,https://github.com/Cinnamon/kotaemon,"15,899",An open-source RAG-based tool for chatting with your documents.
python,https://github.com/rany2/edge-tts,"5,977",Use Microsoft Edge's online text-to-speech service from Python WITHOUT needing Microsoft Edge or Windows or an API key
python,https://github.com/Sanster/IOPaint,"18,884","Image inpainting tool powered by SOTA AI Model. Remove any unwanted object, defect, people from your pictures or erase and replace(powered by stable diffusion) any thing on your pictures."
python,https://github.com/princeton-nlp/SWE-agent,"13,362","SWE-agent takes a GitHub issue and tries to automatically fix it, using GPT-4, or your LM of choice. It can also be employed for offensive cybersecurity or competitive coding challenges."
python,https://github.com/feast-dev/feast,"5,502",The Open Source Feature Store for Machine Learning
python,https://github.com/ostris/ai-toolkit,"2,915",Various AI scripts. Mostly Stable Diffusion stuff.
python,https://github.com/MetaCubeX/mihomo,"16,377",A simple Python Pydantic model for Honkai: Star Rail parsed data from the Mihomo API.
python,https://github.com/microsoft/RD-Agent,404,"Research and development (R&D) is crucial for the enhancement of industrial productivity, especially in the AI era, where the core aspects of R&D are mainly focused on data and models. We are committed to automate these high-value generic R&D processes through our open source R&D automation tool RD-Agent, which let AI drive data-driven AI."
python,https://github.com/explodinggradients/ragas,"6,719",Evaluation framework for your Retrieval Augmented Generation (RAG) pipelines
python,https://github.com/huggingface/trl,"9,384",Train transformer language models with reinforcement learning.
python,https://github.com/Azure-Samples/azure-search-openai-demo,"6,112","A sample app for the Retrieval-Augmented Generation pattern running in Azure, using Azure AI Search for retrieval and Azure OpenAI large language models to power ChatGPT-style and Q&A experiences."
python,https://github.com/openai/tiktoken,"11,906",tiktoken is a fast BPE tokeniser for use with OpenAI's models.
python,https://github.com/THUDM/CogVideo,"7,756",Text-to-video generation: CogVideoX (2024) and CogVideo (ICLR 2023)
python,https://github.com/paul-gauthier/aider,"19,727",aider is AI pair programming in your terminal
python,https://github.com/sczhou/CodeFormer,"15,204",[NeurIPS 2022] Towards Robust Blind Face Restoration with Codebook Lookup Transformer
python,https://github.com/timescale/pgai,"1,577","A suite of tools to develop RAG, semantic search, and other AI applications more easily with PostgreSQL"
python,https://github.com/infiniflow/ragflow,"21,668",RAGFlow is an open-source RAG (Retrieval-Augmented Generation) engine based on deep document understanding.
python,https://github.com/stanford-oval/storm,"13,151",An LLM-powered knowledge curation system that researches a topic and generates a full-length report with citations.
python,https://github.com/mpoon/gpt-repository-loader,"2,690",Convert code repos into an LLM prompt-friendly format. Mostly built by GPT-4.
python,https://github.com/THUDM/CogVLM2,"1,901",GPT4V-level open-source multi-modal model based on Llama3-8B
python,https://github.com/huggingface/text-generation-inference,"8,685",Large Language Model Text Generation Inference
python,https://github.com/Dicklesworthstone/llm_aided_ocr,"1,827",Enhance Tesseract OCR output for scanned PDFs by applying Large Language Model (LLM) corrections.
python,https://github.com/PaddlePaddle/PaddleHelix,897,Bio-Computing Platform Featuring Large-Scale Representation Learning and Multi-Task Deep Learning â€œèºæ—‹æ¡¨â€ç”Ÿç‰©è®¡ç®—å·¥å…·é›†
python,https://github.com/pytorch/torchtune,"3,892",A Native-PyTorch Library for LLM Fine-tuning
python,https://github.com/Azure/PyRIT,"1,690",The Python Risk Identification Tool for generative AI (PyRIT) is an open access automation framework to empower security professionals and machine learning engineers to proactively find risks in their generative AI systems.
python,https://github.com/haotian-liu/LLaVA,"19,115",[NeurIPS'23 Oral] Visual Instruction Tuning (LLaVA) built towards GPT-4V level capabilities and beyond.
python,https://github.com/QwenLM/Qwen-VL,"4,714",The official repo of Qwen-VL (é€šä¹‰åƒé—®-VL) chat & pretrained large vision language model proposed by Alibaba Cloud.
python,https://github.com/Picsart-AI-Research/StreamingT2V,"1,297","StreamingT2V: Consistent, Dynamic, and Extendable Long Video Generation from Text"
python,https://github.com/MLSysOps/MLE-agent,970,"ğŸ¤– MLE-Agent: Your intelligent companion for seamless AI engineering and research. ğŸ” Integrate with arxiv and paper with code to provide better code/research plans ğŸ§° OpenAI, Anthropic, Ollama, etc supported. ğŸ† Code RAG"
python,https://github.com/bghira/SimpleTuner,"1,497",A general fine-tuning kit geared toward diffusion models.
python,https://github.com/Farama-Foundation/Gymnasium,"6,728","An API standard for single-agent reinforcement learning environments, with popular reference environments and related utilities (formerly Gym)"
python,https://github.com/OpenBMB/MiniCPM-V,"11,721","MiniCPM-V 2.6: A GPT-4V Level MLLM for Single Image, Multi Image and Video on Your Phone"
python,https://github.com/DataDog/integrations-core,911,Core integrations of the Datadog Agent
python,https://github.com/mem0ai/mem0,"21,583",The Memory layer for your AI apps
python,https://github.com/ai-to-ai/Auto-Gmail-Creator,489,"Open Source Bulk Auto Gmail Creator Bot with Selenium & Seleniumwire ( Python ). Feel free to contact me with Django/Flask, ML, AI, GPT, Automation, Scraping."
python,https://github.com/khoj-ai/khoj,"12,982","Your AI second brain. Self-hostable. Get answers from the internet or your docs. Use any online or local LLM (e.g gpt, claude, gemini, llama, qwen, mistral). Build custom agents, personalized automations."
python,https://github.com/Marker-Inc-Korea/AutoRAG,"2,525",AutoML tool for RAG
python,https://github.com/DS4SD/docling,"2,777",Get your docs ready for gen AI
python,https://github.com/phidatahq/phidata,"14,532","Build AI Agents with memory, knowledge, tools and reasoning. Chat with them using a beautiful Agent UI."
python,https://github.com/livekit/agents,"3,860",Build real-time multimodal AI applications ğŸ¤–ğŸ™ï¸ğŸ“¹
python,https://github.com/Avaiga/taipy,"15,240",Turns Data and AI algorithms into production-ready web applications in no time.
python,https://github.com/huggingface/lerobot,"7,275",ğŸ¤— LeRobot: Making AI for Robotics more accessible with end-to-end learning
python,https://github.com/Pythagora-io/gpt-pilot,"31,632",The first real AI developer
python,https://github.com/ErikBjare/gptme,"2,361","Your agent in your terminal, equipped with local tools: writes code, uses the terminal, browses the web, vision."
python,https://github.com/openai/whisper,"70,653",Robust Speech Recognition via Large-Scale Weak Supervision
python,https://github.com/OpenBMB/MiniCPM,"6,860",MiniCPM3-4B: An edge-side LLM that surpasses GPT-3.5-Turbo.
python,https://github.com/Lightning-AI/pytorch-lightning,"27,987","Pretrain, finetune and deploy AI models on multiple GPUs, TPUs with zero code changes."
python,https://github.com/Lightning-AI/LitServe,"2,084",Lightning-fast serving engine for AI models. Flexible. Easy. Enterprise-scale.
python,https://github.com/thuml/Time-Series-Library,"6,332",A Library for Advanced Deep Time Series Models.
python,https://github.com/mindsdb/mindsdb,"26,739",The platform for building AI from enterprise data
python,https://github.com/Significant-Gravitas/AutoGPT,"167,157","AutoGPT is the vision of accessible AI for everyone, to use and to build on. Our mission is to provide the tools, so that you can focus on what matters."
python,https://github.com/run-llama/llama_index,"36,443",LlamaIndex is a data framework for your LLM applications
python,https://github.com/s0md3v/roop,"28,174",one-click face swap
python,https://github.com/huggingface/diffusers,"25,828",ğŸ¤— Diffusers: State-of-the-art diffusion models for image and audio generation in PyTorch and FLAX.
python,https://github.com/zulip/zulip,"21,483",Zulip server and web application. Open-source team chat that helps teams stay productive and focused.
python,https://github.com/ray-project/ray,"33,602",Ray is an AI compute engine. Ray consists of a core distributed runtime and a set of AI Libraries for accelerating ML workloads.
python,https://github.com/cumulo-autumn/StreamDiffusion,"9,656",StreamDiffusion: A Pipeline-Level Solution for Real-Time Interactive Generation
python,https://github.com/home-assistant/operating-system,"4,977",ğŸ”° Home Assistant Operating System
python,https://github.com/TEN-framework/TEN-Agent,"1,253","TEN Agent is the worldâ€™s first real-time multimodal agent integrated with the OpenAI Realtime API, RTC, and features weather checks, web search, vision, and RAG capabilities."
python,https://github.com/vanna-ai/vanna,"11,242",ğŸ¤– Chat with your SQL database ğŸ“Š. Accurate Text-to-SQL Generation via LLMs using RAG ğŸ”„.
python,https://github.com/openai/openai-python,"22,698",The official Python library for the OpenAI API
python,https://github.com/coqui-ai/TTS,"34,945","ğŸ¸ğŸ’¬ - a deep learning toolkit for Text-to-Speech, battle-tested in research and production"
python,https://github.com/mlc-ai/mlc-llm,"18,972",Universal LLM Deployment Engine with ML Compilation
python,https://github.com/langchain-ai/langgraph,"6,196",Build resilient language agents as graphs.
python,https://github.com/NVIDIA/Megatron-LM,"10,320",Ongoing research training transformer models at scale
python,https://github.com/vwxyzjn/cleanrl,"5,505","High-quality single file implementation of Deep Reinforcement Learning algorithms with research-friendly features (PPO, DQN, C51, DDPG, TD3, SAC, PPG)"
python,https://github.com/NVIDIA/NeMo,"11,827","A scalable generative AI framework built for researchers and developers working on Large Language Models, Multimodal, and Speech AI (Automatic Speech Recognition and Text-to-Speech)"
python,https://github.com/BerriAI/litellm,"13,254","Python SDK, Proxy Server (LLM Gateway) to call 100+ LLM APIs in OpenAI format - [Bedrock, Azure, OpenAI, VertexAI, Cohere, Anthropic, Sagemaker, HuggingFace, Replicate, Groq]"
python,https://github.com/modelscope/ms-swift,"3,881","Use PEFT or Full-parameter to finetune 350+ LLMs or 100+ MLLMs. (LLM: Qwen2.5, Llama3.2, GLM4, Internlm2.5, Yi1.5, Mistral, Baichuan2, DeepSeek, Gemma2, ...; MLLM: Qwen2-VL, Qwen2-Audio, Llama3.2-Vision, Llava, InternVL2, MiniCPM-V-2.6, GLM4v, Xcomposer2.5, Yi-VL, DeepSeek-VL, Phi3.5-Vision, ...)"
python,https://github.com/Acly/krita-ai-diffusion,"6,623","Streamlined interface for generating images with AI in Krita. Inpaint and outpaint with optional text prompt, no tweaking required."
python,https://github.com/meta-llama/llama-stack-apps,"3,776",Agentic components of the Llama Stack APIs
python,https://github.com/hpcaitech/Open-Sora,"21,995",Open-Sora: Democratizing Efficient Video Production for All
python,https://github.com/chatanywhere/GPT_API_free,"23,327",Free ChatGPT API Keyï¼Œå…è´¹ChatGPT APIï¼Œæ”¯æŒGPT4 APIï¼ˆå…è´¹ï¼‰ï¼ŒChatGPTå›½å†…å¯ç”¨å…è´¹è½¬å‘APIï¼Œç›´è¿æ— éœ€ä»£ç†ã€‚å¯ä»¥æ­é…ChatBoxç­‰è½¯ä»¶/æ’ä»¶ä½¿ç”¨ï¼Œæå¤§é™ä½æ¥å£ä½¿ç”¨æˆæœ¬ã€‚å›½å†…å³å¯æ— é™åˆ¶ç•…å¿«èŠå¤©ã€‚
python,https://github.com/modelscope/FunASR,"6,613","A Fundamental End-to-End Speech Recognition Toolkit and Open Source SOTA Pretrained Models, Supporting Speech Recognition, Voice Activity Detection, Text Post-processing etc."
python,https://github.com/gradio-app/gradio,"33,379","Build and share delightful machine learning apps, all in Python. ğŸŒŸ Star to support our work!"
python,https://github.com/RVC-Project/Retrieval-based-Voice-Conversion-WebUI,"23,961",Easily train a good VC model with voice data <= 10 mins!
python,https://github.com/geekan/MetaGPT,"44,471","ğŸŒŸ The Multi-Agent Framework: First AI Software Company, Towards Natural Language Programming"
python,https://github.com/kyegomez/swarms,"1,616",The Enterprise-Grade Production-Ready Multi-Agent Orchestration Framework Join our Community:https://discord.com/servers/agora-999382051935506503
python,https://github.com/frdel/agent-zero,"4,581",Agent Zero AI framework
python,https://github.com/wandb/wandb,"9,027","The AI developer platform. Use Weights & Biases to train and fine-tune models, and manage models from experimentation to production."
python,https://github.com/DeepLabCut/DeepLabCut,"4,613",Official implementation of DeepLabCut: Markerless pose estimation of user-defined features with deep learning for all animals incl. humans
python,https://github.com/hacksider/Deep-Live-Cam,"39,051",real time face swap and one-click video deepfake with only a single image
python,https://github.com/InternLM/Tutorial,"1,416",LLM&VLM Tutorial
python,https://github.com/openai/swarm,"14,610","Educational framework exploring ergonomic, lightweight multi-agent orchestration. Managed by OpenAI Solution team."
python,https://github.com/ComposioHQ/composio,"10,913",Composio equip's your AI agents & LLMs with 100+ high-quality integrations via function calling
python,https://github.com/VRSEN/agency-swarm,"2,596",The only reliable agent framework built on top of the latest OpenAI Assistants API.
python,https://github.com/Codium-ai/AlphaCodium,"3,552","Official implementation for the paper: ""Code Generation with AlphaCodium: From Prompt Engineering to Flow Engineering"""""
python,https://github.com/llmware-ai/llmware,"5,240","Unified framework for building enterprise RAG pipelines with small, specialized models"
python,https://github.com/mikf/gallery-dl,"11,740",Command-line program to download image galleries and collections from several image hosting sites
python,https://github.com/ucbepic/docetl,"1,134",A system for agentic LLM-powered data processing and ETL
python,https://github.com/arc53/DocsGPT,"14,815","Chatbot for documentation, that allows you to chat with your data. Privately deployable, provides AI knowledge sharing and integrates knowledge into your AI workflow"
python,https://github.com/traceloop/openllmetry,"1,971","Open-source observability for your LLM application, based on OpenTelemetry"
python,https://github.com/donnemartin/data-science-ipython-notebooks,"27,325","Data science Python notebooks: Deep learning (TensorFlow, Theano, Caffe, Keras), scikit-learn, Kaggle, big data (Spark, Hadoop MapReduce, HDFS), matplotlib, pandas, NumPy, SciPy, Python essentials, AWS, and various command lines."
python,https://github.com/naver/mast3r,"1,257",Grounding Image Matching in 3D with MASt3R
python,https://github.com/eosphoros-ai/DB-GPT,"13,472",AI Native Data App Development framework with AWEL(Agentic Workflow Expression Language) and Agents
python,https://github.com/1Panel-dev/MaxKB,"10,781",ğŸš€ åŸºäºå¤§è¯­è¨€æ¨¡å‹å’Œ RAG çš„çŸ¥è¯†åº“é—®ç­”ç³»ç»Ÿã€‚å¼€ç®±å³ç”¨ã€æ¨¡å‹ä¸­ç«‹ã€çµæ´»ç¼–æ’ï¼Œæ”¯æŒå¿«é€ŸåµŒå…¥åˆ°ç¬¬ä¸‰æ–¹ä¸šåŠ¡ç³»ç»Ÿã€‚
python,https://github.com/deepfakes/faceswap,"52,031",Deepfakes Software For All
python,https://github.com/meta-llama/llama3,"26,437",The official Meta Llama 3 GitHub site
python,https://github.com/cpacker/MemGPT,"11,872",Letta (fka MemGPT) is a framework for creating stateful LLM services.
python,https://github.com/meta-llama/llama,"55,809",Inference code for Llama models
python,https://github.com/ansible/ansible,"62,799","Ansible is a radically simple IT automation platform that makes your applications and systems easier to deploy and maintain. Automate everything from code deployment to network configuration to cloud management, in a language that approaches plain English, using SSH, with no agents to install on remote systems.https://docs.ansible.com."
python,https://github.com/Codium-ai/pr-agent,"5,951","ğŸš€CodiumAI PR-Agent: An AI-Powered ğŸ¤– Tool for Automated Pull Request Analysis, Feedback, Suggestions and More! ğŸ’»ğŸ”"
python,https://github.com/microsoft/graphrag,"18,636",A modular graph-based Retrieval-Augmented Generation (RAG) system
python,https://github.com/getomni-ai/zerox,"5,636",Zero shot pdf OCR with gpt-4o-mini
python,https://github.com/mlflow/mlflow,"18,427",Open source platform for the machine learning lifecycle
python,https://github.com/pytorch/torchtitan,"2,385",A native PyTorch Library for large model training
python,https://github.com/m-bain/whisperX,"11,677",WhisperX: Automatic Speech Recognition with Word-level Timestamps (& Diarization)
python,https://github.com/Zeyi-Lin/HivisionIDPhotos,"11,387",âš¡ï¸HivisionIDPhotos: a lightweight and efficient AI ID photos tools. ä¸€ä¸ªè½»é‡çº§çš„AIè¯ä»¶ç…§åˆ¶ä½œç®—æ³•ã€‚
python,https://github.com/zhayujie/chatgpt-on-wechat,"30,460",åŸºäºå¤§æ¨¡å‹æ­å»ºçš„èŠå¤©æœºå™¨äººï¼ŒåŒæ—¶æ”¯æŒ å¾®ä¿¡å…¬ä¼—å·ã€ä¼ä¸šå¾®ä¿¡åº”ç”¨ã€é£ä¹¦ã€é’‰é’‰ ç­‰æ¥å…¥ï¼Œå¯é€‰æ‹©GPT3.5/GPT-4o/GPT-o1/ Claude/æ–‡å¿ƒä¸€è¨€/è®¯é£æ˜Ÿç«/é€šä¹‰åƒé—®/ Gemini/GLM-4/Claude/Kimi/LinkAIï¼Œèƒ½å¤„ç†æ–‡æœ¬ã€è¯­éŸ³å’Œå›¾ç‰‡ï¼Œè®¿é—®æ“ä½œç³»ç»Ÿå’Œäº’è”ç½‘ï¼Œæ”¯æŒåŸºäºè‡ªæœ‰çŸ¥è¯†åº“è¿›è¡Œå®šåˆ¶ä¼ä¸šæ™ºèƒ½å®¢æœã€‚
python,https://github.com/labmlai/annotated_deep_learning_paper_implementations,"55,516","ğŸ§‘â€ğŸ« 60+ Implementations/tutorials of deep learning papers with side-by-side notes ğŸ“; including transformers (original, xl, switch, feedback, vit, ...), optimizers (adam, adabelief, sophia, ...), gans(cyclegan, stylegan2, ...), ğŸ® reinforcement learning (ppo, dqn), capsnet, distillation, ... ğŸ§ "
python,https://github.com/Zipstack/unstract,"2,383",No-code LLM Platform to launch APIs and ETL Pipelines to structure unstructured documents
python,https://github.com/eloialonso/diamond,"1,036",DIAMOND (DIffusion As a Model Of eNvironment Dreams) is a reinforcement learning agent trained in a diffusion world model. NeurIPS 2024 Spotlight.
python,https://github.com/mit-han-lab/efficientvit,"2,218",Efficient vision foundation models for high-resolution generation and perception.
python,https://github.com/huggingface/transformers,"134,157","ğŸ¤— Transformers: State-of-the-art Machine Learning for Pytorch, TensorFlow, and JAX."
python,https://github.com/myshell-ai/OpenVoice,"29,541",Instant voice cloning by MIT and MyShell.
python,https://github.com/exo-explore/exo,"10,798",Run your own AI cluster at home with everyday devices ğŸ“±ğŸ’» ğŸ–¥ï¸âŒš
python,https://github.com/scikit-learn/scikit-learn,"59,745",scikit-learn: machine learning in Python
python,https://github.com/Future-House/paper-qa,"6,119",High accuracy RAG for answering questions from scientific documents with citations
python,https://github.com/Sinaptik-AI/pandas-ai,"12,887","Chat with your database (SQL, CSV, pandas, polars, mongodb, noSQL, etc). PandasAI makes data analysis conversational using LLMs (GPT 3.5 / 4, Anthropic, VertexAI) and RAG."
python,https://github.com/speechbrain/speechbrain,"8,821",A PyTorch-based Speech Toolkit
python,https://github.com/deepset-ai/haystack,"17,420","ğŸ” AI orchestration framework to build customizable, production-ready LLM applications. Connect components (models, vector DBs, file converters) to pipelines or agents that can interact with your data. With advanced retrieval methods, it's best suited for building RAG, question answering, semantic search or conversational agent chatbots."
python,https://github.com/comfyanonymous/ComfyUI,"55,106","The most powerful and modular diffusion model GUI, api and backend with a graph/nodes interface."
python,https://github.com/crewAIInc/crewAI,"20,607","Framework for orchestrating role-playing, autonomous AI agents. By fostering collaborative intelligence, CrewAI empowers agents to work together seamlessly, tackling complex tasks."
python,https://github.com/langflow-ai/langflow,"32,923","Langflow is a low-code app builder for RAG and multi-agent AI applications. Itâ€™s Python-based and agnostic to any model, API, or database."
python,https://github.com/assafelovic/gpt-researcher,"14,423",LLM based autonomous agent that does online comprehensive research on any given topic
python,https://github.com/firmai/financial-machine-learning,"6,886",A curated list of practical financial machine learning tools and applications.
